type,number,new_name,original_name,size_bytes,sha256
photo,1,photo-001.jpg,IMG-20260913-WA0094.jpg,170732,8cf4f559a840cca9d4c75c8d5b9ce57b45982ebbfd3917901f58a6af8b2809b6
photo,2,photo-002.jpg,IMG-20260913-WA0094_1.jpg,170732,8cf4f559a840cca9d4c75c8d5b9ce57b45982ebbfd3917901f58a6af8b2809b6
photo,3,photo-003.jpg,IMG-20260913-WA0095.jpg,142871,cce6a8454c705956eeddd36a92a0ae0efba6fad82d0623924491752c60d851c2
photo,4,photo-004.jpg,IMG-20260913-WA0095_1.jpg,142871,cce6a8454c705956eeddd36a92a0ae0efba6fad82d0623924491752c60d851c2
photo,5,photo-005.jpg,IMG-20260913-WA0096.jpg,167092,533a8ffbcb50318b302ed48430682c2fddc2b971624c014259ee8430efb9f65a
photo,6,photo-006.jpg,IMG-20260913-WA0096_1.jpg,167092,533a8ffbcb50318b302ed48430682c2fddc2b971624c014259ee8430efb9f65a
photo,7,photo-007.jpg,IMG-20260913-WA0097.jpg,152214,7bfb55b4e8c4f3250d9f1f94a80b527d3821b738e2d0050969988b84c8a8d2db
photo,8,photo-008.jpg,IMG-20260913-WA0097_1.jpg,152214,7bfb55b4e8c4f3250d9f1f94a80b527d3821b738e2d0050969988b84c8a8d2db
photo,9,photo-009.jpg,IMG-20260913-WA0098.jpg,182554,fcc8337e0de608b91516e14535590aafa176f4cbdca5a2003b456510b4fdc2b7
photo,10,photo-010.jpg,IMG-20260913-WA0098_1.jpg,182554,fcc8337e0de608b91516e14535590aafa176f4cbdca5a2003b456510b4fdc2b7
photo,11,photo-011.jpg,IMG-20260913-WA0099.jpg,140321,4f8801a916e300c8d9c804bd7d82278c155c3fea68574124351ca63261091ec4
photo,12,photo-012.jpg,IMG-20260913-WA0100.jpg,223176,a5d963a3b2f2c590c78ec343dab59f582ac22be15397badffd36134ac6039466
photo,13,photo-013.jpg,IMG-20260913-WA0100_1.jpg,223176,a5d963a3b2f2c590c78ec343dab59f582ac22be15397badffd36134ac6039466
photo,14,photo-014.jpg,IMG-20260913-WA0101.jpg,309603,c1f51a173216026fd625ae7c166087e9e6c367837ca3e7c564df17c324f959dc
photo,15,photo-015.jpg,IMG-20260913-WA0102.jpg,111987,e1d575e68df088522917c2f94adbb8b41e314bfc42fc928331db9a2f3bafa3ab
photo,16,photo-016.jpg,IMG-20260913-WA0102_1.jpg,111987,e1d575e68df088522917c2f94adbb8b41e314bfc42fc928331db9a2f3bafa3ab
photo,17,photo-017.jpg,IMG-20260913-WA0103.jpg,208095,78960a3a9e01c5eb55f41c96c368137fb4a9e6e369d39ddab615aae87fdfb824
photo,18,photo-018.jpg,IMG-20260913-WA0104.jpg,104630,f07ce2cb5d8503fa4cf7163a41fef36fe4c4ecee2544a572264afabaa41ab24f
photo,19,photo-019.jpg,IMG-20260913-WA0104_1.jpg,104630,f07ce2cb5d8503fa4cf7163a41fef36fe4c4ecee2544a572264afabaa41ab24f
photo,20,photo-020.jpg,IMG-20260913-WA0105.jpg,105870,8e07d44a096699cb842410124d3c59a671ef812997b22b29dcff52decc258fc5
photo,21,photo-021.jpg,IMG-20260913-WA0105_1.jpg,105870,8e07d44a096699cb842410124d3c59a671ef812997b22b29dcff52decc258fc5
photo,22,photo-022.jpg,IMG-20260913-WA0107.jpg,199600,083ffc0d38e0083e334e5fa48c72d7c376bff0f4805c9736a1812e27af29275e
photo,23,photo-023.jpg,IMG-20260913-WA0107_1.jpg,199600,083ffc0d38e0083e334e5fa48c72d7c376bff0f4805c9736a1812e27af29275e
photo,24,photo-024.jpg,IMG-20260913-WA0108.jpg,136167,0c8c423bb580fa08b533faa492d430b6aa0d5620242879a4c6efa9598bc16e45
photo,25,photo-025.jpg,IMG-20260913-WA0108_1.jpg,136167,0c8c423bb580fa08b533faa492d430b6aa0d5620242879a4c6efa9598bc16e45
photo,26,photo-026.jpg,IMG-20260913-WA0109.jpg,183321,94ad6088364c85a2bc3e2b44a3b0c8ce4c04d1ecf35784bd3255a214f85bd269
photo,27,photo-027.jpg,IMG-20260913-WA0109_1.jpg,183321,94ad6088364c85a2bc3e2b44a3b0c8ce4c04d1ecf35784bd3255a214f85bd269
photo,28,photo-028.jpg,IMG-20260913-WA0110.jpg,127585,0533825af83345f535c208c17ea17baa53fd8e76e915d5d3a66d1a25b719084f
photo,29,photo-029.jpg,IMG-20260913-WA0110_1.jpg,127585,0533825af83345f535c208c17ea17baa53fd8e76e915d5d3a66d1a25b719084f
photo,30,photo-030.jpg,IMG-20260913-WA0111.jpg,119699,e123d890ff350ce8d8d0227583576f4143938f7c35a0341def836fd462a60d31
photo,31,photo-031.jpg,IMG-20260913-WA0111_1.jpg,119699,e123d890ff350ce8d8d0227583576f4143938f7c35a0341def836fd462a60d31
photo,32,photo-032.jpg,IMG-20260913-WA0112.jpg,267717,69bdba18db2d6c3f01502b42a3390341b273ec7c336463e5798974d2e7d98833
photo,33,photo-033.jpg,IMG-20260913-WA0112_1.jpg,267717,69bdba18db2d6c3f01502b42a3390341b273ec7c336463e5798974d2e7d98833
photo,34,photo-034.jpg,IMG-20260913-WA0113.jpg,209396,e29f4b325e11c74f8dbce06245a72816d5891a5f9706b769825ae3d72aef7577
photo,35,photo-035.jpg,IMG-20260913-WA0113_1.jpg,209396,e29f4b325e11c74f8dbce06245a72816d5891a5f9706b769825ae3d72aef7577
photo,36,photo-036.jpg,IMG-20260913-WA0114.jpg,202651,8794cd8b52dbe40ae97aa73297aa5a1f62ede4b4b8413c14b056ad94dd068d2a
photo,37,photo-037.jpg,IMG-20260913-WA0114_1.jpg,202651,8794cd8b52dbe40ae97aa73297aa5a1f62ede4b4b8413c14b056ad94dd068d2a
photo,38,photo-038.jpg,IMG-20260913-WA0115.jpg,280844,49f2d1ed90b1bbdf9f9c0aac26274fd38f0b4470b690d0abab36837286573416
photo,39,photo-039.jpg,IMG-20260913-WA0116.jpg,136218,33a339f99909a22f37112a5bf64cf24410d39558636fbfac19776c9d76785637
photo,40,photo-040.jpg,IMG-20260913-WA0116_1.jpg,136218,33a339f99909a22f37112a5bf64cf24410d39558636fbfac19776c9d76785637
photo,41,photo-041.jpg,IMG-20260913-WA0117.jpg,226915,c8a5f3ffce3323b90608c10b9ecc7b4b5ecd5d1a5b0dab9af387f1e16df6c1c5
photo,42,photo-042.jpg,IMG-20260913-WA0117_1.jpg,226915,c8a5f3ffce3323b90608c10b9ecc7b4b5ecd5d1a5b0dab9af387f1e16df6c1c5
photo,43,photo-043.jpg,IMG-20260913-WA0118.jpg,201410,6b185cccd5eef142734594cca0593f12501bd82d9b79d16f84007080f080abad
photo,44,photo-044.jpg,IMG-20260913-WA0118_1.jpg,201410,6b185cccd5eef142734594cca0593f12501bd82d9b79d16f84007080f080abad
photo,45,photo-045.jpg,IMG-20260913-WA0119.jpg,103109,a512e548f81fd08818e04ad07d8d914692878fcbe90f6aea22a95cf86dce3a8f
photo,46,photo-046.jpg,IMG-20260913-WA0119_1.jpg,103109,a512e548f81fd08818e04ad07d8d914692878fcbe90f6aea22a95cf86dce3a8f
photo,47,photo-047.jpg,IMG-20260913-WA0120.jpg,108609,55f5c0df8936412944ac586f7bceaa6033a913746f2292d936cb7ae0c269c3e3
photo,48,photo-048.jpg,IMG-20260913-WA0120_1.jpg,108609,55f5c0df8936412944ac586f7bceaa6033a913746f2292d936cb7ae0c269c3e3
photo,49,photo-049.jpg,IMG-20260913-WA0121.jpg,115601,162495aff10ac0d4928c437b360f3cd4c90b6ce4f6d47cfb8fa3bfcd89060af7
photo,50,photo-050.jpg,IMG-20260913-WA0121_1.jpg,115601,162495aff10ac0d4928c437b360f3cd4c90b6ce4f6d47cfb8fa3bfcd89060af7
photo,51,photo-051.jpg,IMG-20260913-WA0122.jpg,266311,c07645ec72220b4d81f943d2be354cd8445e83a7f5642fe9fa2ed5b901ec7b69
photo,52,photo-052.jpg,IMG-20260913-WA0123.jpg,144721,201189fb8964fde38d87a1a4d3889008e6a2c4850e613a92269e2fc2ed4a87bc
photo,53,photo-053.jpg,IMG-20260913-WA0123_1.jpg,144721,201189fb8964fde38d87a1a4d3889008e6a2c4850e613a92269e2fc2ed4a87bc
photo,54,photo-054.jpg,IMG-20260913-WA0124.jpg,46862,eba29b4b193e3f2f35a739d29aaae89914c79e43e61c05130d41acb234f991e3
photo,55,photo-055.jpg,IMG-20260913-WA0124_1.jpg,46862,eba29b4b193e3f2f35a739d29aaae89914c79e43e61c05130d41acb234f991e3
photo,56,photo-056.jpg,IMG-20260913-WA0125.jpg,113512,2eab9f6fc5b572ef26fcfe120546817db1bffd8b521cebf7e07a01b20ebf0677
photo,57,photo-057.jpg,IMG-20260913-WA0125_1.jpg,113512,2eab9f6fc5b572ef26fcfe120546817db1bffd8b521cebf7e07a01b20ebf0677
photo,58,photo-058.jpg,IMG-20260913-WA0126.jpg,142549,bdda59725c57d4b40aab9c28a3943cef4cae3d9f114577f707dc99e8de6e9c2e
photo,59,photo-059.jpg,IMG-20260913-WA0126_1.jpg,142549,bdda59725c57d4b40aab9c28a3943cef4cae3d9f114577f707dc99e8de6e9c2e
photo,60,photo-060.jpg,IMG-20260913-WA0127.jpg,99238,57c68bc68f8a52b27e2679b9b2000f9652945cb4e8d75cdb2e4e1b23105700e4
photo,61,photo-061.jpg,IMG-20260913-WA0127_1.jpg,99238,57c68bc68f8a52b27e2679b9b2000f9652945cb4e8d75cdb2e4e1b23105700e4
photo,62,photo-062.jpg,IMG-20260913-WA0128.jpg,134828,44366b1b7897427e1873b277071113786669cc6b667feae1d64d7db9052b5fc1
photo,63,photo-063.jpg,IMG-20260913-WA0128_1.jpg,134828,44366b1b7897427e1873b277071113786669cc6b667feae1d64d7db9052b5fc1
photo,64,photo-064.jpg,IMG-20260913-WA0129.jpg,123261,0bd0ed9fa8795be16b64797da2b64d8136d5c28ccd0cb54ad8a9b30636dc0b4d
photo,65,photo-065.jpg,IMG-20260913-WA0129_1.jpg,123261,0bd0ed9fa8795be16b64797da2b64d8136d5c28ccd0cb54ad8a9b30636dc0b4d
photo,66,photo-066.jpg,IMG-20260913-WA0130.jpg,134686,aadffe83d6d7514d9330b410de9f57dfc2c9d5e1b930f5d59cd5281ef0b7e7d0
photo,67,photo-067.jpg,IMG-20260913-WA0130_1.jpg,134686,aadffe83d6d7514d9330b410de9f57dfc2c9d5e1b930f5d59cd5281ef0b7e7d0
photo,68,photo-068.jpg,IMG-20260913-WA0131.jpg,151320,0bf714ccdc51e4ef9618094d139ceaff7915356541a557dc8c2bff107e16bc55
photo,69,photo-069.jpg,IMG-20260913-WA0131_1.jpg,151320,0bf714ccdc51e4ef9618094d139ceaff7915356541a557dc8c2bff107e16bc55
photo,70,photo-070.jpg,IMG-20260913-WA0132.jpg,88093,b649cae5ccecb2e42cda4759b5b2c604aeca8589a96df6d517557cab189341fc
photo,71,photo-071.jpg,IMG-20260913-WA0132_1.jpg,88093,b649cae5ccecb2e42cda4759b5b2c604aeca8589a96df6d517557cab189341fc
photo,72,photo-072.jpg,IMG-20260913-WA0133.jpg,155997,fd129dda7510df29a8dc70752b4712a300bf7a45d1c437eca0693c68852981cc
photo,73,photo-073.jpg,IMG-20260913-WA0133_1.jpg,155997,fd129dda7510df29a8dc70752b4712a300bf7a45d1c437eca0693c68852981cc
photo,74,photo-074.jpg,IMG-20260913-WA0134.jpg,92826,1de354bec94e5e45f5c24265b5d0203cc5d264c983f004529e403acdc34b221c
photo,75,photo-075.jpg,IMG-20260913-WA0134_1.jpg,92826,1de354bec94e5e45f5c24265b5d0203cc5d264c983f004529e403acdc34b221c
photo,76,photo-076.jpg,IMG-20260913-WA0135.jpg,250744,b5d40e3e3274c941c5b3cb4167c2d0a3aaefcb68c77f02cbbf2a80fa36c1593d
photo,77,photo-077.jpg,IMG-20260913-WA0136.jpg,117510,2007590bd6adeacb8494688b08251f766dbea0c5b2c06cb462c13113db7a74c9
photo,78,photo-078.jpg,IMG-20260913-WA0136_1.jpg,117510,2007590bd6adeacb8494688b08251f766dbea0c5b2c06cb462c13113db7a74c9
photo,79,photo-079.jpg,IMG-20260913-WA0137.jpg,111992,944fd30039fd041a7975e2fee65f6f4b6184b0f658ac810d3f6138ba2e5dfdff
photo,80,photo-080.jpg,IMG-20260913-WA0137_1.jpg,111992,944fd30039fd041a7975e2fee65f6f4b6184b0f658ac810d3f6138ba2e5dfdff
photo,81,photo-081.jpg,IMG-20260913-WA0138.jpg,222905,f8cba710b4fa077cad69e823a39e4dca703ceb5a03877ae83f0ffb072451c643
photo,82,photo-082.jpg,IMG-20260913-WA0138_1.jpg,222905,f8cba710b4fa077cad69e823a39e4dca703ceb5a03877ae83f0ffb072451c643
photo,83,photo-083.jpg,IMG-20260913-WA0139.jpg,170903,bafd1d22a4615ad9e8833d646464bfb927f4afbadf7197a6a33eb23dbc344bd1
photo,84,photo-084.jpg,IMG-20260913-WA0139_1.jpg,170903,bafd1d22a4615ad9e8833d646464bfb927f4afbadf7197a6a33eb23dbc344bd1
photo,85,photo-085.jpg,IMG-20260913-WA0140.jpg,97563,a9a373f50b8086e9b69295ab9a3c4a1e023dd2b8af3d5485aecf0e2dc88a1a2e
photo,86,photo-086.jpg,IMG-20260913-WA0140_1.jpg,97563,a9a373f50b8086e9b69295ab9a3c4a1e023dd2b8af3d5485aecf0e2dc88a1a2e
photo,87,photo-087.jpg,IMG-20260913-WA0141.jpg,99040,0fa60b75575095fbcc84aac66ea759389851d8303657ea03b2427210c8c8e24a
photo,88,photo-088.jpg,IMG-20260913-WA0141_1.jpg,99040,0fa60b75575095fbcc84aac66ea759389851d8303657ea03b2427210c8c8e24a
photo,89,photo-089.jpg,IMG-20260913-WA0142.jpg,177738,4e899fac19a89f3082f6bf3d668a9194d043b7f70e9af267515b6a00e85f318e
photo,90,photo-090.jpg,IMG-20260913-WA0142_1.jpg,177738,4e899fac19a89f3082f6bf3d668a9194d043b7f70e9af267515b6a00e85f318e
photo,91,photo-091.jpg,IMG-20260913-WA0143.jpg,143321,efea1a6e2d1c631507f42bfb1022b87718b2401a5fcf577e0206da11e5e32189
photo,92,photo-092.jpg,IMG-20260913-WA0143_1.jpg,143321,efea1a6e2d1c631507f42bfb1022b87718b2401a5fcf577e0206da11e5e32189
photo,93,photo-093.jpg,IMG-20260913-WA0144.jpg,176628,2529f5190e5af09a73f214638bde224b0df81b86d62494603a8f27c834a0c19f
photo,94,photo-094.jpg,IMG-20260913-WA0144_1.jpg,176628,2529f5190e5af09a73f214638bde224b0df81b86d62494603a8f27c834a0c19f
photo,95,photo-095.jpg,IMG-20260913-WA0145.jpg,113923,922a1d39da28913e7160b9c85d3150d7a57059b74fea206501bb9a3af029e86b
photo,96,photo-096.jpg,IMG-20260913-WA0145_1.jpg,113923,922a1d39da28913e7160b9c85d3150d7a57059b74fea206501bb9a3af029e86b
photo,97,photo-097.jpg,IMG-20260913-WA0146.jpg,182512,a890d3937f98918e52d2553620b151f334c78aa8f5e03141198bf26b08a18c18
photo,98,photo-098.jpg,IMG-20260913-WA0146_1.jpg,182512,a890d3937f98918e52d2553620b151f334c78aa8f5e03141198bf26b08a18c18
photo,99,photo-099.jpg,IMG-20260913-WA0147.jpg,103682,aaa5a49c3c5a1e6b7e7c28d1bdea97fbd47646fb49c29cadfcd5fa98248f420a
photo,100,photo-100.jpg,IMG-20260913-WA0147_1.jpg,103682,aaa5a49c3c5a1e6b7e7c28d1bdea97fbd47646fb49c29cadfcd5fa98248f420a
photo,101,photo-101.jpg,IMG-20260913-WA0148.jpg,297024,f391638d1b52c4e015313825f379f45cdbfa67e811a06405c6ce7ad81b750e06
photo,102,photo-102.jpg,IMG-20260913-WA0149.jpg,175549,9f67d10d8cedcb1e65447ea59a86fc9323bcda0a38855998694d95cdd0fc5a07
photo,103,photo-103.jpg,IMG-20260913-WA0149_1.jpg,175549,9f67d10d8cedcb1e65447ea59a86fc9323bcda0a38855998694d95cdd0fc5a07
photo,104,photo-104.jpg,IMG-20260913-WA0150.jpg,188051,85301d576420607e09f753ea17d7404ca43b2b5159ffc27086d2ebd700f462f2
photo,105,photo-105.jpg,IMG-20260913-WA0150_1.jpg,188051,85301d576420607e09f753ea17d7404ca43b2b5159ffc27086d2ebd700f462f2
photo,106,photo-106.jpg,IMG-20260913-WA0151.jpg,203587,0f306c9d12a9f1d63454bb012d1943e80ec370421243f4be1fce4fa101119eb7
photo,107,photo-107.jpg,IMG-20260913-WA0151_1.jpg,203587,0f306c9d12a9f1d63454bb012d1943e80ec370421243f4be1fce4fa101119eb7
photo,108,photo-108.jpg,IMG-20260913-WA0152.jpg,181721,45b1b604f37a75fd570953c8e81bcec226076dd655861e0027b70aaef36d22b5
photo,109,photo-109.jpg,IMG-20260913-WA0152_1.jpg,181721,45b1b604f37a75fd570953c8e81bcec226076dd655861e0027b70aaef36d22b5
photo,110,photo-110.jpg,IMG-20260913-WA0153.jpg,162537,c341e2eadc958c6924222a83bcb5f1d2bbad61d54ef54b13afa49e997e79ab2c
photo,111,photo-111.jpg,IMG-20260913-WA0153_1.jpg,162537,c341e2eadc958c6924222a83bcb5f1d2bbad61d54ef54b13afa49e997e79ab2c
photo,112,photo-112.jpg,IMG-20260913-WA0154.jpg,196609,2a92107025bad5d18ea9d2554d89e603d8aa6d38f15746b96a13de33c90678c3
photo,113,photo-113.jpg,IMG-20260913-WA0154_1.jpg,196609,2a92107025bad5d18ea9d2554d89e603d8aa6d38f15746b96a13de33c90678c3
photo,114,photo-114.jpg,IMG-20260913-WA0155.jpg,80745,6452ed978c7dd15fd25e6d4980dfd6e7bd64d52805aefe9c49377d4e3b1ec68f
photo,115,photo-115.jpg,IMG-20260913-WA0155_1.jpg,80745,6452ed978c7dd15fd25e6d4980dfd6e7bd64d52805aefe9c49377d4e3b1ec68f
photo,116,photo-116.jpg,IMG-20260913-WA0156.jpg,184801,dca124e750e5a4907209d7ac8facc5c4bcfc84327b9f168120ff1b7d5c289909
photo,117,photo-117.jpg,IMG-20260913-WA0156_1.jpg,184801,dca124e750e5a4907209d7ac8facc5c4bcfc84327b9f168120ff1b7d5c289909
photo,118,photo-118.jpg,IMG-20260913-WA0157.jpg,145381,963d9f27fbab06ca2558fa223ef8d962b01bbee497ddd2bac11aeb5441a41591
photo,119,photo-119.jpg,IMG-20260913-WA0157_1.jpg,145381,963d9f27fbab06ca2558fa223ef8d962b01bbee497ddd2bac11aeb5441a41591
photo,120,photo-120.jpg,IMG-20260913-WA0158.jpg,253010,8a9c7494d95d5e8b3142744e71884fe9fa0152ea209cdb33533590349ede020d
photo,121,photo-121.jpg,IMG-20260913-WA0158_1.jpg,253010,8a9c7494d95d5e8b3142744e71884fe9fa0152ea209cdb33533590349ede020d
photo,122,photo-122.jpg,IMG-20260913-WA0159.jpg,68408,ab324942b0ae390c957c8cde8a8a69f88e0afe144cba403e5e8cc342490a0cc4
photo,123,photo-123.jpg,IMG-20260913-WA0159_1.jpg,68408,ab324942b0ae390c957c8cde8a8a69f88e0afe144cba403e5e8cc342490a0cc4
photo,124,photo-124.jpg,IMG-20260913-WA0160.jpg,137088,48d71c3b4b346d841570c89b0b87206636ce5a103c507c23b6d712ebd91b3fef
photo,125,photo-125.jpg,IMG-20260913-WA0160_1.jpg,137088,48d71c3b4b346d841570c89b0b87206636ce5a103c507c23b6d712ebd91b3fef
photo,126,photo-126.jpg,IMG-20260913-WA0161.jpg,273912,02cdedf1ac3e226e34ea0091c8c4e431e5f0e662263ced2879ab4943367ff386
photo,127,photo-127.jpg,IMG-20260913-WA0161_1.jpg,273912,02cdedf1ac3e226e34ea0091c8c4e431e5f0e662263ced2879ab4943367ff386
photo,128,photo-128.jpg,IMG-20260913-WA0162.jpg,190109,c1f674161191115a486728fdd83eed433079972b3cd61bcc7b9c67a43180832b
photo,129,photo-129.jpg,IMG-20260913-WA0162_1.jpg,190109,c1f674161191115a486728fdd83eed433079972b3cd61bcc7b9c67a43180832b
photo,130,photo-130.jpg,IMG-20260913-WA0163.jpg,230178,5415865c2c1e48238e9e198d475cadc0d97a5da8a2a2d625bd4425ea0755c5b9
photo,131,photo-131.jpg,IMG-20260913-WA0163_1.jpg,230178,5415865c2c1e48238e9e198d475cadc0d97a5da8a2a2d625bd4425ea0755c5b9
photo,132,photo-132.jpg,IMG-20260913-WA0164.jpg,201382,0adc9e667232c57e8424251fec56dc1ba33a180809c6e4a269b733fdd555def8
photo,133,photo-133.jpg,IMG-20260913-WA0164_1.jpg,201382,0adc9e667232c57e8424251fec56dc1ba33a180809c6e4a269b733fdd555def8
photo,134,photo-134.jpg,IMG-20260913-WA0165.jpg,219568,ba31176fa1d8e1a6aa0efee2a009f36317da269d1ca8fb4b62d3d3f86e32ecaa
photo,135,photo-135.jpg,IMG-20260913-WA0165_1.jpg,219568,ba31176fa1d8e1a6aa0efee2a009f36317da269d1ca8fb4b62d3d3f86e32ecaa
photo,136,photo-136.jpg,IMG-20260913-WA0166.jpg,139555,163ebb4a89fcbebd0abe26bef6f3cf2257234ea450239769bb352157562ccc68
photo,137,photo-137.jpg,IMG-20260913-WA0166_1.jpg,139555,163ebb4a89fcbebd0abe26bef6f3cf2257234ea450239769bb352157562ccc68
photo,138,photo-138.jpg,IMG-20260913-WA0167.jpg,201264,2716b8e0868c714f5410714fce07de66ad15aac60f6297f449ccea44b24734c7
photo,139,photo-139.jpg,IMG-20260913-WA0167_1.jpg,201264,2716b8e0868c714f5410714fce07de66ad15aac60f6297f449ccea44b24734c7
photo,140,photo-140.jpg,IMG-20260913-WA0168.jpg,97483,14b29455c64d6a2dc2c57adb2913a82ea634a4dc0bd60225fd070fffc3171226
photo,141,photo-141.jpg,IMG-20260913-WA0168_1.jpg,97483,14b29455c64d6a2dc2c57adb2913a82ea634a4dc0bd60225fd070fffc3171226
photo,142,photo-142.jpg,IMG-20260913-WA0169.jpg,136943,a014086699271c4e52f3493ee3a4501af17859c0fa3122dd700f7b4a847e149e
photo,143,photo-143.jpg,IMG-20260913-WA0169_1.jpg,136943,a014086699271c4e52f3493ee3a4501af17859c0fa3122dd700f7b4a847e149e
photo,144,photo-144.jpg,IMG-20260913-WA0170.jpg,96640,f980bbe11d3eb2e01092277c27ddcb13289507e132af7604edcf0ee6fce2888e
photo,145,photo-145.jpg,IMG-20260913-WA0170_1.jpg,96640,f980bbe11d3eb2e01092277c27ddcb13289507e132af7604edcf0ee6fce2888e
photo,146,photo-146.jpg,IMG-20260913-WA0171.jpg,104630,19713742700ede54c8f644ff1ef7146138b84e2c2f902666780a4acce106d40d
photo,147,photo-147.jpg,IMG-20260913-WA0171_1.jpg,104630,19713742700ede54c8f644ff1ef7146138b84e2c2f902666780a4acce106d40d
photo,148,photo-148.jpg,IMG-20260913-WA0172.jpg,166931,8c5befe244d786619fa9f33c2121b504580870925878df00dbaa268a590a0d46
photo,149,photo-149.jpg,IMG-20260913-WA0172_1.jpg,166931,8c5befe244d786619fa9f33c2121b504580870925878df00dbaa268a590a0d46
photo,150,photo-150.jpg,IMG-20260913-WA0173.jpg,224559,5626df4ce5cb9b00daac2b4ea6ec6a84834b789c346316c081f49b17fd035f5e
photo,151,photo-151.jpg,IMG-20260913-WA0173_1.jpg,224559,5626df4ce5cb9b00daac2b4ea6ec6a84834b789c346316c081f49b17fd035f5e
photo,152,photo-152.jpg,IMG-20260913-WA0174.jpg,177758,1e8ea81248dba6c7e958567c8d2fb9dc12881c75b7c5a5bd17450e8a8dea9881
photo,153,photo-153.jpg,IMG-20260913-WA0174_1.jpg,177758,1e8ea81248dba6c7e958567c8d2fb9dc12881c75b7c5a5bd17450e8a8dea9881
photo,154,photo-154.jpg,IMG-20260913-WA0175.jpg,184028,7a130ff86486cba9fa4f7004d7a9cdbaa54acf5e6a0786b383011240e029725d
photo,155,photo-155.jpg,IMG-20260913-WA0175_1.jpg,184028,7a130ff86486cba9fa4f7004d7a9cdbaa54acf5e6a0786b383011240e029725d
photo,156,photo-156.jpg,IMG-20260913-WA0176.jpg,123072,a7ac5f684129919a15327c2fad4cbac430b138049a5b89cfa7ff42da0c64a0f5
photo,157,photo-157.jpg,IMG-20260913-WA0176_1.jpg,123072,a7ac5f684129919a15327c2fad4cbac430b138049a5b89cfa7ff42da0c64a0f5
photo,158,photo-158.jpg,IMG-20260913-WA0177.jpg,142167,c1ddebc48049c740dbb4dd7ebec23e1ddd0c23202318df34359842e29efcbc1f
photo,159,photo-159.jpg,IMG-20260913-WA0177_1.jpg,142167,c1ddebc48049c740dbb4dd7ebec23e1ddd0c23202318df34359842e29efcbc1f
photo,160,photo-160.jpg,IMG-20260913-WA0178.jpg,150180,570a2eb14d41983c0b4a45a7cda13a8c6286808a8845a810a2396a5d768cd608
photo,161,photo-161.jpg,IMG-20260913-WA0178_1.jpg,150180,570a2eb14d41983c0b4a45a7cda13a8c6286808a8845a810a2396a5d768cd608
photo,162,photo-162.jpg,IMG-20260913-WA0179.jpg,205172,df36a03dcad897a5c0d3a8d66935f26a13607a73c287a4dd8b02d4de25bb74d0
photo,163,photo-163.jpg,IMG-20260913-WA0179_1.jpg,205172,df36a03dcad897a5c0d3a8d66935f26a13607a73c287a4dd8b02d4de25bb74d0
photo,164,photo-164.jpg,IMG-20260913-WA0180.jpg,100453,dbc5dfa2d66be9596ba9ac87932c9f5191b23130631a9da7802d73652f1eb2ae
photo,165,photo-165.jpg,IMG-20260913-WA0181.jpg,242715,f9819fe9fdd25185fc4c2e5c9f2531c961fefe4cf7f0d72b74ad63c8539be74e
photo,166,photo-166.jpg,IMG-20260913-WA0181_1.jpg,242715,f9819fe9fdd25185fc4c2e5c9f2531c961fefe4cf7f0d72b74ad63c8539be74e
photo,167,photo-167.jpg,IMG-20260913-WA0182.jpg,72848,35d25d80e87070da0c01b813e1afe65fc17c2577a573f9137dcae340662b68a6
photo,168,photo-168.jpg,IMG-20260913-WA0183.jpg,77382,fbf41cb32b9d5630267339512301dd961224165a4b6375429a0b01069d66199c
photo,169,photo-169.jpg,IMG-20260913-WA0184.jpg,113812,a370d0665672f8aae189da8f2b70326dc012e4c20f4649f636c42f1b031865c0
photo,170,photo-170.jpg,IMG-20260913-WA0185.jpg,113499,1a7f5d38501edb322e9c14784a4867f5295ddc3e38760cedc389d7ba46b84eb7
photo,171,photo-171.jpg,IMG-20260913-WA0186.jpg,129761,2aeec106bce6e3d12dd94ca6c51c8c5a0cd972a2ce65d13bc9b4ef46a4f39b97
photo,172,photo-172.jpg,IMG-20260913-WA0187.jpg,107369,cc84bfb821bddedc4958b31f3af531314798493d0a79e0aacd8a7a89b8e6a137
photo,173,photo-173.jpg,IMG-20260913-WA0188.jpg,108052,22fb13039f1d2cbb81cfe7c7abf4a0ed50dcc082bb19984e34005713a2357f75
photo,174,photo-174.jpg,IMG-20260913-WA0189.jpg,111490,aedd887de2a23d6ac6d83228f9f6ac61248e1292e14e9bfea8eb248c8858d7e1
photo,175,photo-175.jpg,IMG-20260913-WA0191.jpg,71260,848f80ffc1ba3a800fc15cce6a4287634f10bb200865b51d7c3b5b158be3cc45
photo,176,photo-176.jpg,IMG-20260913-WA0192.jpg,74775,240e2c42d4df7ce1157f03bc72ca9620078255696f052aaf21454b9a17988704
photo,177,photo-177.jpg,IMG-20260913-WA0193.jpg,122468,25dfa75a53b0054d5fb4c069705bb6e4ed04d25c17df414891f65ca7e5b2fabd
photo,178,photo-178.jpg,IMG-20260913-WA0194.jpg,91765,24e6df5134e7078e98a996bcab30fbf66588ba7f03593ae8f40c275633743a0a
photo,179,photo-179.jpg,IMG-20260913-WA0195.jpg,120187,f68cefdf591b823c896de3567e6c03cf7f395fa7021be03ce172670b466ad2dd
photo,180,photo-180.jpg,IMG-20260913-WA0196.jpg,110716,ef4e92b556dbf29a4aee721198eb9b05b45d014c2ff10543172c3f1fc177fe60
photo,181,photo-181.jpg,IMG-20260913-WA0197.jpg,56469,ac32a7a2c01c53562e1fb56191874344522bb76995d051c25bff2e41d7cab34d
photo,182,photo-182.jpg,IMG-20260913-WA0198.jpg,111902,c31b2607b79eab5c81736eea49172853de0546f6919d5c5b00e83b8691c1e4d1
photo,183,photo-183.jpg,IMG-20260913-WA0199.jpg,153267,4d73685248d08b46b43ad900fd225a3a8da7126d462584c10b681dadaf1d1b09
photo,184,photo-184.jpg,IMG-20260913-WA0200.jpg,143341,c892330e380a0f75ee833202e495feb5ecb65ae5fecb08f692caf0206d6ad6fa
photo,185,photo-185.jpg,IMG-20260913-WA0201.jpg,147066,6cef532e9dde58328d81d39d5e0aa16ce93a7b1c221797da83c0f6e1c2b0a219
photo,186,photo-186.jpg,IMG-20260913-WA0202.jpg,144918,7156f58717cd3941addfaeea5ff585cc8808474d5806ba2384c87d00aa76c9fa
photo,187,photo-187.jpg,IMG-20260913-WA0203.jpg,154000,3a5078f14468294d5368f5fab8a15cdf4676f1c5d43d6c230cff26db46e9469a
photo,188,photo-188.jpg,IMG-20260913-WA0204.jpg,228834,725d9193a5aa431e068f411fa43ea6c76849d10794599fa1cc5b9c6e1c0ce641
photo,189,photo-189.jpg,IMG-20260913-WA0205.jpg,113903,6b6aa378a139a47c535e79ce9d909bf3692eada2d09358045de99206df45b1fa
photo,190,photo-190.jpg,IMG-20260913-WA0206.jpg,106489,118126d8d549be54e34f68ffdd21200febb68deaf3b51e5abcdfe348290d0053
photo,191,photo-191.jpg,IMG-20260913-WA0207.jpg,105869,edf4a2312b095331f3773d495e830b1c62ba6654d3b38abef26f8d47370ceaf7
photo,192,photo-192.jpg,IMG-20260913-WA0210.jpg,254973,6a72204e520fc8a69d3e986d352f9f8f557f1336012f2996770847c2de8fad4a
photo,193,photo-193.jpg,IMG-20260913-WA0210_1.jpg,254973,6a72204e520fc8a69d3e986d352f9f8f557f1336012f2996770847c2de8fad4a
photo,194,photo-194.jpg,IMG-20260913-WA0211.jpg,296639,2e0140ca713bed1259f79e0b3a26f12fee218274fa030e45d14716aff519b888
photo,195,photo-195.jpg,IMG-20260913-WA0211_1.jpg,296639,2e0140ca713bed1259f79e0b3a26f12fee218274fa030e45d14716aff519b888
photo,196,photo-196.jpg,IMG-20260913-WA0213.jpg,287927,c585c6fae92292d64c13aacf7fb4873a8d80e7750156ee6bbd23464452e76027
video,1,video-001.mp4,VID-20260913-WA0208.mp4,1196334,aa91a739678932b09cbfd0ca49265d0bee49e4339a955dec8eef5f9f63c52d1d
video,2,video-002.mp4,VID-20260913-WA0209.mp4,481201,d4553804ff543bfdff99939886a249702aa6a9b8664caf526df36437c4fc5572
video,3,video-003.mp4,VID-20260913-WA0212.mp4,1841898,bbba0c8a8c80c831c13be8c15365dcbf8b4612bb8da19e0a8f8b4dad5fecbd52
video,4,video-004.mp4,VID-20260913-WA0214.mp4,1519880,f20962727e7010a326b659b9d6485fed0031fdd3e63703567070cc9b60915289
video,5,video-005.mp4,VID-20260913-WA0214_1.mp4,1519880,f20962727e7010a326b659b9d6485fed0031fdd3e63703567070cc9b60915289
video,6,video-006.mp4,VID-20260913-WA0215.mp4,2980689,e9f623ba8f1d5c16c2be3d7060b9ab088b39f6a765eea562c97609331321bc53
video,7,video-007.mp4,VID-20260913-WA0216.mp4,7898799,9ec656fbbf7d7f10a1d137aa10bf9f5e8b1b79e2ceca179166f6b3ba5e0a4ddc
video,8,video-008.mp4,VID-20260913-WA0232.mp4,20543602,8aedae0a1fe336a102b9d7d4899ff79322fd564052ef2f71ea9a9cc2c912dbba
video,9,video-009.mp4,VID-20260913-WA0233.mp4,14992008,2a9788507db6ba4c3cf6602605eaa6466b395e77b2d14f68432a6a53f449126d
video,10,video-010.mp4,VID-20260913-WA0234.mp4,1611183,8d510fce30b7d9392f4e8bdb128d5db0487289016ccd69eddc8abf069d25a968
video,11,video-011.mp4,VID-20260913-WA0235.mp4,5415746,6b8658b1fc672ad553dc384d70a6a7fdf9b9734fb15607e68b7ae97c69feb705
video,12,video-012.mp4,VID-20260914-WA0000.mp4,2918009,f55e4b3d72b611226b971e1e283e431a2d00e0f500415f6d2ed181cb361ec6b6
video,13,video-013.mp4,VID-20260914-WA0004.mp4,5466436,82cac0a166ba5fd79ef2b1746f1eed991e2be36a4c57243d53480eee176501ca
video,14,video-014.mp4,VID-20260914-WA0005.mp4,2091889,eee7a5a02949402ef5f317b38a7a4c252ef3d9522d87475b91a8f71320b72135
video,15,video-015.mp4,VID-20260914-WA0006.mp4,2005832,57000d1fa5be9fb97cf2a26e61f2ae97e26a35891dc6af610b40c4d4fe301b11
video,16,video-016.mp4,VID-20260914-WA0007.mp4,5944174,903cfe6a23259fae43e34592118aeb66d3b39de74595ba7617da2392aa933578
video,17,video-017.mp4,VID-20260914-WA0008.mp4,1943644,f4e1ecdb481088d109c76d0dfcf4b23a5911d2accd0fa88d52bfd6543af9d888
video,18,video-018.mp4,VID-20260914-WA0020.mp4,5296004,bfeed8304a1078ddf54e885fd727260c132b401aeb79297b48e25029a9d059b4
video,19,video-019.mp4,VID-20260914-WA0021.mp4,3862249,51e3cbaec8c01a1268a71ce5a4e137aebd94609c080d1bfc690fc6bcc8696790
video,20,video-020.mp4,VID-20260914-WA0022.mp4,3191467,fad819813d32f973e656bb815257f92edeb2f7de3c62dbd944404fa6bdacc760
video,21,video-021.mp4,VID-20260914-WA0024.mp4,4860117,c6d6178e0b6b16cd16c7fc08ade647985b30ba71baff65a867c70a17f6e23acc
video,22,video-022.mp4,VID-20260914-WA0025.mp4,3307042,f3f9772ceaab0841066e4f92343ccbf8f0b0af66ba21b87d488d72b1279678f9
video,23,video-023.mp4,VID-20260914-WA0026.mp4,4179917,5f8392052e6d774ac5be5d3a11ad1d618ed5f6761c2c8531f55a1583b0294f31
video,24,video-024.mp4,VID-20260914-WA0027.mp4,2042367,23a98a86d13d1afc734e1b7c1aa8a42aa9238ad29076587ca8ff2d0c994797eb
video,25,video-025.mp4,VID-20260914-WA0028.mp4,4876752,3cbbb70149f08c7ba4eb8d46ced6e578b465b7347d6627d7fe94370063c6bf10
video,26,video-026.mp4,VID-20260914-WA0029.mp4,2978300,eb66bfe22f6491fbaaf880d62b9a97b1f253d8d734ef6eaef23d7fffb2971dcb
video,27,video-027.mp4,VID-20260914-WA0030.mp4,4344929,61f3ddd781a2d32d91e584965d5c00243786fbeb4c9795e7fe0b7aa9365348a9
video,28,video-028.mp4,VID-20260914-WA0031.mp4,3335644,3748f96476ebe48526a5b3d0480e56fdfa7e034148705c323b3f3997acb2762e
video,29,video-029.mp4,VID-20260914-WA0032.mp4,5642964,4e1cabc50bea4ff56fdd49e1783cd65e9a055d56deb6aefdc300a27a975ebfc8
video,30,video-030.mp4,VID-20260914-WA0033.mp4,5943214,c9ef553cb4d1e6ef5ced72df6a05f1e83416b5af75fd91aa951d117e751fb5c1
video,31,video-031.mp4,VID-20260914-WA0036.mp4,7565943,7d2720f0dea6e9800b0e71d365d82f01fcfb8092ddd2dc541680328df4393337
video,32,video-032.mp4,VID-20260914-WA0037.mp4,2107662,e81fac6f07c591be6b8ecbbb11f6f2c916d3fc1c4eb050f19aff40812e4d74a8
video,33,video-033.mp4,VID-20260914-WA0038.mp4,3285534,03bdb4d9d5f2d600b7c4f1f5ebb73b46d2ec0ca38233619d44cb8cfc170f1cf1
video,34,video-034.mp4,VID-20260914-WA0048.mp4,2491903,3729ba004544963bc25564a653ca3e51ab7d959b56e93fbe48f23e5883fda235
video,35,video-035.mp4,VID-20260914-WA0049.mp4,1678265,85807f4fd91fc11aa723f49838d7607a8243d7b47b9df8c84da80f9c40c91599
video,36,video-036.mp4,VID-20260914-WA0050.mp4,7509641,a47a19432dcfaf7bfec6c6d0ddff4e7f1aa20743a81fe209051bd9eb9bc670e6
video,37,video-037.mp4,VID-20260914-WA0051.mp4,3079909,5fbc9a02a4298f3f525ab998363e3b5f854d22e7c4a6816ce4d3c895de4ff1b6
video,38,video-038.mp4,VID-20260914-WA0052.mp4,11892831,ce92d1fcf051710e2e3f12a5a23b8918a4f41149ed73b4447f9812c5c5516d37
video,39,video-039.mp4,VID-20260914-WA0053.mp4,11545865,24fd6ebd9f9175392e7fe422afda3b45a6de900e86fa1e9be59a69392a5b7168
video,40,video-040.mp4,VID-20260914-WA0054.mp4,3184557,155f448f8b180d1892f8a8a08725cf23f40cb9518a16d9e3376de4ad25592960
video,41,video-041.mp4,VID-20260914-WA0055.mp4,11853987,791abd333a39feb7f46f07d7e98276212d12cdffbb5e8ba8e830d53727c759a5
video,42,video-042.mp4,VID-20260914-WA0056.mp4,4809067,b6164b85558429bb9d2db50896c0223acb63d82bfb6da1da39921e02d3285f99
video,43,video-043.mp4,VID-20260914-WA0058.mp4,1912963,07d6d99c5307b018696015ffeae77814366616b4ce1d949edeff3537d8fa2866
video,44,video-044.mp4,VID-20260914-WA0060.mp4,10191115,59cd70c0661baea443bfa6d67558772bf1c8e496be9944dabd37c0d9c37654b1
video,45,video-045.mp4,VID-20260914-WA0062.mp4,23976915,3e7e51127fc10f126109f6dde91639c7c4e7463d2a2d8ea1d05ccbdaebf3360e
video,46,video-046.mp4,FINAL.mp4,299822304,79e85aa8e5f86249c1b9dfd9efe119e2b563fd0dec2a524f91029b6c59aa75af
video,47,video-047.mp4,reel 1.mp4,54626979,fec784662f62f698c2e30b8b4ebe215051b17cf8d99c3a82f24f31375f09c730
